Category,Product_Name,Sales,product_rank
Furniture,"Harbour Creations Executive Leather Armchair, Adjustable",50120,3
Furniture,"Hon Executive Leather Armchair, Adjustable",58200,1
Furniture,"Office Star Executive Leather Armchair, Adjustable",50667,2
Office Supplies,"Eldon File Cart, Single Width",34392,1
Office Supplies,"Hoover Stove, Red",31664,3
Office Supplies,"Hoover Stove, White",32845,2
Technology,"Apple Smart Phone, Full Size",86936,1
Technology,"Cisco Smart Phone, Full Size",76441,2
Technology,"Motorola Smart Phone, Full Size",73159,3
